﻿{"BasePoint":20,"Description":"<p>对于一个串<span>S</span>，当它同时满足如下条件时，它就是一个<span>01</span>偏串：<span></span></p><p><span>1</span>、只由<span>0</span>和<span>1</span>两种符组成；<span></span></p><p><span>2</span>、在<span>S</span>的每一个前缀中，<span>0</span>的个数不超过<span>1</span>的个数；<span></span></p><p><span>3</span>、<span>S</span>中<span>0</span>的个数和<span>1</span>的个数相等。<span></span></p><p><span>&nbsp;</span></p><p>现在给定01偏串<span>S</span>，请计算一下<span>S</span>在所有长度为<span>n</span>的01偏串中作为子串出现的次数的总和。<span></span></p><p>由于结果比较大，结果对&nbsp;<span name=\"ace\" lang=\"latex\"><span>1000000007(10^9+7)</span></span>&nbsp;取余后输出。<span></span></p><p>样例解释：<span></span></p><p>在第二个样例中，长度为<span>4</span>的偏串共两个<span>1010</span>，<span>1100</span>。<span>10</span>在<span>1010</span>中出现了两次，在<span>1100</span>中出现了<span>1</span>次。所以答案是<span>3</span>。<span></span></p><br />","Input":"样例输入1\n2 10\n样例输入2\n4 10","InputDescription":"单组测试数据。\n共一行：一个整数n和字符串S，中间用空格分开。(1<=|S|<=100000，1<=n<=1000000000)\n输入保证S是一个01偏串。","MemoryLimit":0x8000000,"Output":"样例输出1\n1\n样例输出2\n3","OutputDescription":"对于每一组数据，输出一个整数占一行，表示答案。","TimeLimit":1000,"Title":"寻找母串（B）"}